<?xml version="1.0"?>
<doc>
    <assembly>
        <name>GalaSoft.MvvmLight.Platform</name>
    </assembly>
    <members>
        <member name="T:GalaSoft.MvvmLight.Threading.DispatcherHelper">
            <summary>
            Helper class for dispatcher operations on the UI thread.
            </summary>
        </member>
        <member name="M:GalaSoft.MvvmLight.Threading.DispatcherHelper.CheckBeginInvokeOnUI(System.Action)">
            <summary>
            Executes an action on the UI thread. If this method is called
            from the UI thread, the action is executed immendiately. If the
            method is called from another thread, the action will be enqueued
            on the UI thread's dispatcher and executed asynchronously.
            <para>For additional operations on the UI thread, you can get a
            reference to the UI thread's dispatcher thanks to the property
            <see cref="P:GalaSoft.MvvmLight.Threading.DispatcherHelper.UIDispatcher"/></para>.
            </summary>
            <param name="action">The action that will be executed on the UI
            thread.</param>
        </member>
        <member name="M:GalaSoft.MvvmLight.Threading.DispatcherHelper.RunAsync(System.Action)">
            <summary>
            Invokes an action asynchronously on the UI thread.
            </summary>
            <param name="action">The action that must be executed.</param>
            <returns>The object that provides handlers for the completed async event dispatch.</returns>
        </member>
        <member name="M:GalaSoft.MvvmLight.Threading.DispatcherHelper.Initialize">
            <summary>
            This method should be called once on the UI thread to ensure that
            the <see cref="P:GalaSoft.MvvmLight.Threading.DispatcherHelper.UIDispatcher"/> property is initialized.
            <para>In a Silverlight application, call this method in the
            Application_Startup event handler, after the MainPage is constructed.</para>
            <para>In WPF, call this method on the static App() constructor.</para>
            </summary>
        </member>
        <member name="M:GalaSoft.MvvmLight.Threading.DispatcherHelper.Reset">
            <summary>
            Resets the class by deleting the <see cref="P:GalaSoft.MvvmLight.Threading.DispatcherHelper.UIDispatcher"/>
            </summary>
        </member>
        <member name="P:GalaSoft.MvvmLight.Threading.DispatcherHelper.UIDispatcher">
            <summary>
            Gets a reference to the UI thread's dispatcher, after the
            <see cref="M:GalaSoft.MvvmLight.Threading.DispatcherHelper.Initialize"/> method has been called on the UI thread.
            </summary>
        </member>
    </members>
</doc>
