<?xml version="1.0" encoding="utf-8"?>
<Dictionary>
  <Words>
    <Recognized>
      <Word>canonicalize</Word>
      <Word>canonicalized</Word>
      <Word>canonicalizer</Word>
      <Word>canonicalizers</Word>
      <Word>canonicalizes</Word>
      <Word>deserialize</Word>
      <Word>deserialized</Word>
      <Word>deserializes</Word>
      <Word>deserialized</Word>
      <Word>favorited</Word>
      <Word>initializer</Word>
      <Word>initializers</Word>
      <Word>serializable</Word>
      <Word>serializer</Word>
      <Word>uninitialize</Word>
      <Word>uninitializes</Word>
    </Recognized>
  </Words>
</Dictionary>

