<?xml version="1.0" encoding="utf-8"?>
<Dictionary>
  <Words>
    <Recognized>
      <Word>canonicalise</Word>
      <Word>canonicalised</Word>
      <Word>canonicaliser</Word>
      <Word>canonicalisers</Word>
      <Word>canonicalises</Word>
      <Word>deserialise</Word>
      <Word>deserialised</Word>
      <Word>deserialiser</Word>
      <Word>deserialisers</Word>
      <Word>deserialises</Word>
      <Word>favourited</Word>
      <Word>initialiser</Word>
      <Word>initialisers</Word>
      <Word>serialisable</Word>
      <Word>serialiser</Word>
      <Word>uninitialise</Word>
      <Word>uninitialises</Word>
    </Recognized>  
    <Deprecated>
      <Term PreferredAlternate="pre-processed">preprocessed</Term>
      <Term PreferredAlternate="short-lived">shortlived</Term>
    </Deprecated>
  </Words>
</Dictionary>

