<?xml version="1.0" encoding="utf-8"?>
<Dictionary>
  <Words>
    <Recognized>
      <Word>accessor</Word>
      <Word>accessors</Word>
      <Word>addin</Word>
      <Word>addins</Word>
      <Word>Args</Word>
      <Word>async</Word>
      <Word>cacheability</Word>
      <Word>callee</Word>
      <Word>captcha</Word>
      <Word>CodePlex</Word>
      <Word>comparand</Word>
      <Word>comparands</Word>
      <Word>config</Word>
      <Word>csproj</Word>
      <Word>declarator</Word>
      <Word>declarators</Word>
      <Word>decryptable</Word>
      <Word>dependant</Word>
      <Word>dialog</Word>
      <Word>elif</Word>
      <Word>endif</Word>
      <Word>enqueue</Word>
      <Word>enqueued</Word>
      <Word>enqueueing</Word>
      <Word>enqueues</Word>
      <Word>Env</Word>
      <Word>etc</Word>
      <Word>Foo</Word>
      <Word>foreach</Word>
      <Word>goto</Word>
      <Word>guids</Word>
      <Word>hexidecimal</Word>
      <Word>ietf</Word>
      <Word>inlined</Word>
      <Word>iterator</Word>
      <Word>iterators</Word>
      <Word>leaderboard</Word>
      <Word>leaderboards</Word>
      <Word>leafname</Word>
      <Word>lexer</Word>
      <Word>loggable</Word>
      <Word>lossiness</Word>
      <Word>minification</Word>
      <Word>mutex</Word>
      <Word>muxer</Word>
      <Word>muxing</Word>
      <Word>overridable</Word>
      <Word>ownable</Word>
      <Word>packshot</Word>
      <Word>plugin</Word>
      <Word>plugins</Word>
      <Word>prepend</Word>
      <Word>prepends</Word>
      <Word>readonly</Word>
      <Word>refactored</Word>
      <Word>reformatter</Word>
      <Word>remoted</Word>
      <Word>restartable</Word>
      <Word>rethrow</Word>
      <Word>retriable</Word>
      <Word>retval</Word>
      <Word>rewindable</Word>
      <Word>rfc</Word>
      <Word>seekable</Word>
      <Word>settings</Word>
      <Word>signalled</Word>
      <Word>sizeof</Word>
      <Word>stackalloc</Word>
      <Word>streamable</Word>
      <Word>struct</Word>
      <Word>structs</Word>
      <Word>StyleCop</Word>
      <Word>subkey</Word>
      <Word>typeof</Word>
      <Word>typeless</Word>
      <Word>uname</Word>
      <Word>unassessed</Word>
      <Word>unbias</Word>
      <Word>undefine</Word>
      <Word>undefines</Word>
      <Word>unencoded</Word>
      <Word>unescaped</Word>
      <Word>Unescapes</Word>
      <Word>unix</Word>
      <Word>unowned</Word>
      <Word>Unsecures</Word>
      <Word>unsecuring</Word>
      <Word>uploader</Word>
      <Word>url</Word>
      <Word>Usings</Word>
      <Word>utils</Word>
      <Word>wildcarded</Word>
      <Word>xpath</Word>
      <Word>xxxx</Word>
      <Word>yyyy</Word>
    </Recognized>
  </Words>
</Dictionary>

